{"cameraMode":{"drawMode":0,"name":"Shaded","section":"Shading Mode"},"sceneLighting":true,"audioPlay":false,"sceneViewState":{"m_AlwaysRefresh":false,"showFog":true,"showSkybox":false,"showFlares":true,"showImageEffects":true,"showParticleSystems":true,"showVisualEffectGraphs":true,"m_FxEnabled":true},"in2DMode":false,"pivot":{"x":0.27106380462646487,"y":1.7265663146972657,"z":48.20846176147461},"rotation":{"x":0.2017252892255783,"y":0.15674112737178803,"z":-0.03272245079278946,"w":0.9662766456604004},"size":19.22050666809082,"orthographic":false}