{"cameraMode":{"drawMode":0,"name":"Shaded","section":"Shading Mode"},"sceneLighting":true,"audioPlay":false,"sceneViewState":{"m_AlwaysRefresh":false,"showFog":true,"showSkybox":false,"showFlares":true,"showImageEffects":true,"showParticleSystems":true,"showVisualEffectGraphs":true,"m_FxEnabled":true},"in2DMode":false,"pivot":{"x":0.22084498405456544,"y":0.16059207916259767,"z":0.32364654541015627},"rotation":{"x":-0.24849265813827516,"y":-0.17265811562538148,"z":0.04506496340036392,"w":-0.9520586133003235},"size":22.395309448242189,"orthographic":false}