{"cameraMode":{"drawMode":0,"name":"Shaded","section":"Shading Mode"},"sceneLighting":false,"audioPlay":false,"sceneViewState":{"m_AlwaysRefresh":false,"showFog":true,"showSkybox":false,"showFlares":true,"showImageEffects":true,"showParticleSystems":true,"showVisualEffectGraphs":true,"m_FxEnabled":true},"in2DMode":false,"pivot":{"x":-38.10066223144531,"y":21.036483764648439,"z":276.92486572265627},"rotation":{"x":-0.06161560118198395,"y":-0.07089409232139588,"z":0.0044071911834180359,"w":-0.9956310987472534},"size":409.8290100097656,"orthographic":false}