{"cameraMode":{"drawMode":0,"name":"Shaded","section":"Shading Mode"},"sceneLighting":true,"audioPlay":false,"sceneViewState":{"m_AlwaysRefresh":false,"showFog":true,"showSkybox":false,"showFlares":true,"showImageEffects":true,"showParticleSystems":true,"showVisualEffectGraphs":true,"m_FxEnabled":true},"in2DMode":false,"pivot":{"x":0.00000476837158203125,"y":0.8749998807907105,"z":50.000003814697269},"rotation":{"x":-0.36346685886383059,"y":-0.25179287791252139,"z":0.10271058231592179,"w":-0.8910388946533203},"size":15.8135986328125,"orthographic":false}