{"cameraMode":{"drawMode":0,"name":"Shaded","section":"Shading Mode"},"sceneLighting":true,"audioPlay":false,"sceneViewState":{"m_AlwaysRefresh":false,"showFog":true,"showSkybox":false,"showFlares":true,"showImageEffects":true,"showParticleSystems":true,"showVisualEffectGraphs":true,"m_FxEnabled":true},"in2DMode":false,"pivot":{"x":-1.0674958229064942,"y":-50.385711669921878,"z":-20.643177032470704},"rotation":{"x":-0.01767125353217125,"y":-0.8792529702186585,"z":0.47499680519104006,"w":-0.032739125192165378},"size":51.082000732421878,"orthographic":false}