{"cameraMode":{"drawMode":0,"name":"Shaded","section":"Shading Mode"},"sceneLighting":true,"audioPlay":false,"sceneViewState":{"m_AlwaysRefresh":false,"showFog":true,"showSkybox":false,"showFlares":true,"showImageEffects":true,"showParticleSystems":true,"showVisualEffectGraphs":true,"m_FxEnabled":true},"in2DMode":false,"pivot":{"x":3.8965072631835939,"y":-0.6303062438964844,"z":52.59919738769531},"rotation":{"x":-0.2822811007499695,"y":-0.33534932136535647,"z":0.10605577379465103,"w":-0.8925468921661377},"size":24.387374877929689,"orthographic":false}