{"cameraMode":{"drawMode":0,"name":"Shaded","section":"Shading Mode"},"sceneLighting":true,"audioPlay":false,"sceneViewState":{"m_AlwaysRefresh":false,"showFog":true,"showSkybox":false,"showFlares":true,"showImageEffects":true,"showParticleSystems":true,"showVisualEffectGraphs":true,"m_FxEnabled":true},"in2DMode":false,"pivot":{"x":-0.44200897216796877,"y":495.96148681640627,"z":73.30079650878906},"rotation":{"x":0.06208835914731026,"y":-0.8606496453285217,"z":0.49370095133781435,"w":0.10823868960142136},"size":43.95701599121094,"orthographic":false}