{"cameraMode":{"drawMode":0,"name":"Shaded","section":"Shading Mode"},"sceneLighting":true,"audioPlay":false,"sceneViewState":{"m_AlwaysRefresh":false,"showFog":true,"showSkybox":false,"showFlares":true,"showImageEffects":true,"showParticleSystems":true,"showVisualEffectGraphs":true,"m_FxEnabled":true},"in2DMode":false,"pivot":{"x":2.7630348205566408,"y":0.23039627075195313,"z":47.50531005859375},"rotation":{"x":-0.31547844409942629,"y":-0.36704885959625246,"z":0.13390493392944337,"w":-0.8647679686546326},"size":22.810373306274415,"orthographic":false}