{"cameraMode":{"drawMode":0,"name":"Shaded","section":"Shading Mode"},"sceneLighting":true,"audioPlay":false,"sceneViewState":{"m_AlwaysRefresh":false,"showFog":true,"showSkybox":false,"showFlares":true,"showImageEffects":true,"showParticleSystems":true,"showVisualEffectGraphs":true,"m_FxEnabled":true},"in2DMode":false,"pivot":{"x":-5.257632255554199,"y":12.748181343078614,"z":37.58374786376953},"rotation":{"x":-0.36346685886383059,"y":-0.25179287791252139,"z":0.10271058231592179,"w":-0.8910388946533203},"size":18.898723602294923,"orthographic":false}