{"cameraMode":{"drawMode":0,"name":"Shaded","section":"Shading Mode"},"sceneLighting":true,"audioPlay":false,"sceneViewState":{"m_AlwaysRefresh":false,"showFog":true,"showSkybox":false,"showFlares":true,"showImageEffects":true,"showParticleSystems":true,"showVisualEffectGraphs":true,"m_FxEnabled":true},"in2DMode":false,"pivot":{"x":17.826824188232423,"y":146.89495849609376,"z":229.07337951660157},"rotation":{"x":-0.5166269540786743,"y":-0.03157994896173477,"z":0.01907605119049549,"w":-0.8554314970970154},"size":269.2020263671875,"orthographic":false}