{"cameraMode":{"drawMode":0,"name":"Shaded","section":"Shading Mode"},"sceneLighting":true,"audioPlay":false,"sceneViewState":{"m_AlwaysRefresh":false,"showFog":true,"showSkybox":false,"showFlares":true,"showImageEffects":true,"showParticleSystems":true,"showVisualEffectGraphs":true,"m_FxEnabled":true},"in2DMode":false,"pivot":{"x":7.0870256423950199,"y":-10.145462036132813,"z":16.051029205322267},"rotation":{"x":-0.01767125353217125,"y":-0.8792529702186585,"z":0.47499680519104006,"w":-0.032739125192165378},"size":40.95488357543945,"orthographic":false}