{"cameraMode":{"drawMode":0,"name":"Shaded","section":"Shading Mode"},"sceneLighting":true,"audioPlay":false,"sceneViewState":{"m_AlwaysRefresh":false,"showFog":true,"showSkybox":false,"showFlares":true,"showImageEffects":true,"showParticleSystems":true,"showVisualEffectGraphs":true,"m_FxEnabled":true},"in2DMode":false,"pivot":{"x":0.3938039541244507,"y":2.043224334716797,"z":33.81414794921875},"rotation":{"x":-0.3524993062019348,"y":-0.02018868178129196,"z":0.007639543619006872,"w":-0.9356207251548767},"size":21.225418090820314,"orthographic":false}