{"cameraMode":{"drawMode":0,"name":"Shaded","section":"Shading Mode"},"sceneLighting":true,"audioPlay":false,"sceneViewState":{"m_AlwaysRefresh":false,"showFog":true,"showSkybox":false,"showFlares":true,"showImageEffects":true,"showParticleSystems":true,"showVisualEffectGraphs":true,"m_FxEnabled":true},"in2DMode":false,"pivot":{"x":-0.2956981658935547,"y":-0.39682483673095705,"z":44.03391647338867},"rotation":{"x":-0.36346685886383059,"y":-0.25179287791252139,"z":0.10271058231592179,"w":-0.8910388946533203},"size":23.883710861206056,"orthographic":false}