{"cameraMode":{"drawMode":0,"name":"Shaded","section":"Shading Mode"},"sceneLighting":true,"audioPlay":false,"sceneViewState":{"m_AlwaysRefresh":false,"showFog":true,"showSkybox":false,"showFlares":true,"showImageEffects":true,"showParticleSystems":true,"showVisualEffectGraphs":true,"m_FxEnabled":true},"in2DMode":false,"pivot":{"x":0.9077739715576172,"y":1.2259187698364258,"z":47.938568115234378},"rotation":{"x":0.07199374586343765,"y":0.9280118346214294,"z":-0.25714433193206789,"w":0.2598201036453247},"size":13.960054397583008,"orthographic":false}